City_ID,City,Country,Lat,Lng,Max Temp,Humidity,Cloudiness,Wind Speed,Current Description
0,Rikitea,PF,-23.1203,-134.9692,73.94,80,100,22.59,overcast clouds
1,Kapaa,US,22.0752,-159.319,82.38,74,90,4.0,overcast clouds
2,Hilo,US,19.7297,-155.09,80.33,69,20,4.61,few clouds
3,Waipawa,NZ,-41.4122,175.5153,53.46,68,0,14.83,clear sky
4,Airai,TL,-8.9266,125.4092,56.84,83,34,1.77,scattered clouds
5,Atuona,PF,-9.8,-139.0333,77.49,78,52,18.14,broken clouds
6,Birin,NP,26.8865,88.0718,62.56,85,12,4.83,few clouds
7,Butaritari,KI,3.0707,172.7902,83.61,74,13,14.07,few clouds
8,Hithadhoo,MV,-0.6,73.0833,82.47,69,100,14.61,overcast clouds
9,Rocha,UY,-34.4833,-54.3333,58.46,85,60,11.32,broken clouds
10,Kysyl-Syr,RU,63.8986,122.7617,33.17,86,18,5.91,few clouds
11,Kodiak,US,57.79,-152.4072,47.71,34,1,8.05,volcanic ash
12,Verkhoyansk,RU,67.5447,133.385,38.79,77,100,4.54,overcast clouds
13,Bubaque,GW,11.2833,-15.8333,81.54,75,21,5.06,few clouds
14,Freeport,US,40.6576,-73.5832,77.2,51,75,10.0,broken clouds
15,Qaanaaq,GL,77.484,-69.3632,15.87,70,26,7.05,scattered clouds
16,Bluff,NZ,-46.6,168.3333,50.81,66,41,19.91,scattered clouds
17,Puerto Escondido,MX,15.85,-97.0667,85.87,68,100,6.55,overcast clouds
18,Vysokogornyy,RU,50.1167,139.15,37.35,92,24,2.51,few clouds
19,Japura,ID,-0.3167,102.35,73.62,98,95,1.77,overcast clouds
20,Marystown,CA,47.1666,-55.1483,55.09,64,20,11.92,few clouds
21,Hambantota,LK,6.1241,81.1185,79.68,82,74,17.54,broken clouds
22,Cape Town,ZA,-33.9258,18.4232,58.12,79,0,8.05,clear sky
23,Khatanga,RU,71.9667,102.5,30.24,91,69,6.26,broken clouds
24,Ostrowiec Swietokrzyski,PL,50.9294,21.3853,54.1,65,21,10.83,few clouds
25,Victoria,HK,22.2855,114.1577,85.32,82,14,3.0,light rain
26,Barrow,US,71.2906,-156.7887,24.82,100,90,3.44,mist
27,Jamestown,US,42.097,-79.2353,69.03,50,20,13.0,few clouds
28,Ixtapa,MX,20.7,-105.2,88.23,70,89,5.01,overcast clouds
29,Khandyga,RU,62.6667,135.6,43.0,90,98,4.79,overcast clouds
30,Westport,US,41.1415,-73.3579,76.28,60,75,1.01,broken clouds
31,Ornskoldsvik,SE,63.2909,18.7153,45.55,100,90,3.44,overcast clouds
32,Ushuaia,AR,-54.8,-68.3,46.02,81,75,16.11,light rain
33,Tuktoyaktuk,CA,69.4541,-133.0374,33.8,86,75,21.85,broken clouds
34,Punta Arenas,CL,-53.15,-70.9167,57.31,54,40,18.41,scattered clouds
35,Koungou,YT,-12.7336,45.2042,71.31,88,0,5.75,clear sky
36,Pevek,RU,69.7008,170.3133,28.02,85,100,10.42,overcast clouds
37,Kavieng,PG,-2.5744,150.7967,82.13,75,22,13.98,few clouds
38,San Patricio,US,28.017,-97.5169,88.52,39,4,12.97,clear sky
39,Lavrentiya,RU,65.5833,-171.0,31.91,95,100,25.86,snow
40,Fare,PF,-16.7,-151.0167,76.53,63,0,4.12,clear sky
41,Albany,US,42.6001,-73.9662,74.03,60,0,6.02,clear sky
42,Thompson,CA,55.7435,-97.8558,42.96,93,90,14.97,overcast clouds
43,Saskylakh,RU,71.9167,114.0833,30.79,93,100,10.56,overcast clouds
44,Puerto Ayora,EC,-0.7393,-90.3518,75.16,77,60,10.02,broken clouds
45,Vao,NC,-22.6667,167.4833,68.32,65,100,12.1,overcast clouds
46,Lata,PT,40.1629,-8.3327,64.06,83,99,3.4,overcast clouds
47,Wexford,IE,52.3342,-6.4575,66.58,86,97,6.49,overcast clouds
48,Nicoya,CR,10.1483,-85.452,85.55,75,84,3.67,broken clouds
49,Baraki Barak,AF,33.9675,68.9486,65.93,41,2,2.08,clear sky
50,Faya,SA,18.3851,42.4509,71.71,54,67,2.89,broken clouds
51,Yellowknife,CA,62.456,-114.3525,46.42,94,90,7.0,overcast clouds
52,Beringovskiy,RU,63.05,179.3167,31.93,94,100,26.13,snow
53,Rudbar,AF,30.15,62.6,81.73,10,0,4.68,clear sky
54,Lompoc,US,34.6391,-120.4579,80.22,84,20,6.91,mist
55,Ochamchira,GE,42.7121,41.4721,54.93,84,35,6.29,moderate rain
56,Vaini,TO,-21.2,-175.2,69.96,78,20,13.8,few clouds
57,Kamenskiy,RU,50.8855,45.488,44.87,85,18,4.38,few clouds
58,Chokurdakh,RU,70.6333,147.9167,31.84,98,100,15.46,light snow
59,Antofagasta,CL,-23.65,-70.4,60.08,61,0,5.97,clear sky
60,Sitka,US,57.0531,-135.33,55.29,71,40,13.8,light rain
61,Vostok,RU,46.4856,135.8833,41.09,80,100,1.9,overcast clouds
62,Busselton,AU,-33.65,115.3333,47.05,76,11,14.81,few clouds
63,Brae,GB,60.3964,-1.353,51.71,74,87,16.64,overcast clouds
64,Maturin,VE,9.75,-63.1767,90.12,54,49,4.79,scattered clouds
65,Hayden,US,47.766,-116.7866,73.74,46,1,4.61,clear sky
66,Sorland,NO,67.667,12.6934,48.06,77,100,19.46,overcast clouds
67,Bethel,US,41.3712,-73.414,74.48,56,1,5.75,clear sky
68,Hofn,IS,64.2539,-15.2082,41.16,70,100,6.93,overcast clouds
69,Castro,BR,-24.7911,-50.0119,76.95,49,95,2.93,overcast clouds
70,Jumla,NP,29.2747,82.1838,59.45,90,92,0.69,overcast clouds
71,Eureka,US,40.8021,-124.1637,85.68,64,22,1.99,few clouds
72,Tomar Do Geru,BR,-11.3733,-37.8406,74.75,71,90,11.34,overcast clouds
73,Mataura,NZ,-46.1927,168.8643,50.49,62,31,10.38,scattered clouds
74,La Orilla,MX,17.9833,-102.2333,84.69,76,79,8.03,broken clouds
75,Diamantino,BR,-14.4086,-56.4461,105.17,14,31,1.21,scattered clouds
76,Uzyn,UA,49.8262,30.4149,50.16,81,100,13.89,light rain
77,Santiago Del Estero,AR,-27.7951,-64.2615,82.8,19,0,8.99,clear sky
78,Oda,JP,35.1833,132.5,65.71,87,7,9.82,clear sky
79,Avarua,CK,-21.2078,-159.775,73.45,64,99,11.5,overcast clouds
80,Aksu,CN,41.1231,80.2644,67.35,22,83,3.83,broken clouds
81,Catamarca,AR,-28.4696,-65.7852,81.77,33,0,5.99,clear sky
82,Annan,GB,54.9884,-3.2565,64.18,95,100,8.19,overcast clouds
83,Torbay,CA,47.6666,-52.7314,52.29,74,40,16.11,scattered clouds
84,Vieux Fort,LC,13.7167,-60.95,87.15,70,40,13.8,scattered clouds
85,Chuy,UY,-33.6971,-53.4616,59.99,81,0,10.45,clear sky
86,Naifaru,MV,5.4444,73.3657,81.28,75,100,14.97,overcast clouds
87,Kavaratti,IN,10.5669,72.642,81.81,78,92,13.58,overcast clouds
88,Bengkulu,ID,-3.8004,102.2655,75.27,92,100,6.67,overcast clouds
89,Vila Franca Do Campo,PT,37.7167,-25.4333,74.19,70,99,4.5,overcast clouds
90,Vasterhaninge,SE,59.1167,18.1,48.61,84,100,12.26,overcast clouds
91,Port Elizabeth,ZA,-33.918,25.5701,56.1,94,20,1.14,few clouds
92,College,US,64.8569,-147.8028,34.29,89,90,8.05,light snow
93,Eenhana,NA,-17.4667,16.3333,82.15,15,1,7.38,clear sky
94,Erenhot,CN,43.6475,111.9767,63.81,68,0,8.37,clear sky
95,Upernavik,GL,72.7868,-56.1549,25.39,87,85,4.18,overcast clouds
96,Poronaysk,RU,49.2167,143.1167,42.78,83,0,5.57,clear sky
97,Provideniya,RU,64.3833,-173.3,33.98,90,100,18.03,light rain
98,Biu,NG,10.6129,12.1946,72.48,74,54,2.59,broken clouds
99,Necochea,AR,-38.5473,-58.7368,71.04,68,69,9.46,broken clouds
100,Hasaki,JP,35.7333,140.8333,70.29,74,100,16.78,overcast clouds
101,Geraldton,AU,-28.7667,114.6,50.41,81,7,5.75,clear sky
102,Mahebourg,MU,-20.4081,57.7,72.25,83,40,12.66,scattered clouds
103,East London,ZA,-33.0153,27.9116,62.85,73,14,4.68,few clouds
104,Ketchikan,US,55.3422,-131.6461,55.87,94,90,12.66,light rain
105,Mananjary,MG,-21.2167,48.3333,68.99,87,46,3.83,light rain
106,Tiksi,RU,71.6872,128.8694,32.49,81,97,14.79,overcast clouds
107,Lebu,CL,-37.6167,-73.65,58.03,76,4,9.15,clear sky
108,Tolaga Bay,NZ,-38.3667,178.3,56.93,59,0,2.35,clear sky
109,Kibala,TD,9.1104,18.3463,78.75,94,20,0.0,light rain
110,Mar Del Plata,AR,-38.0023,-57.5575,62.01,57,40,17.0,scattered clouds
111,Poum,NC,-20.2333,164.0167,70.61,69,94,12.35,overcast clouds
112,Talnakh,RU,69.4865,88.3972,32.47,71,0,2.01,clear sky
113,Arraial Do Cabo,BR,-22.9661,-42.0278,71.56,60,0,20.71,clear sky
114,Skjervoy,NO,70.0311,20.9714,48.38,79,98,18.48,overcast clouds
115,Ancud,CL,-41.8697,-73.8203,63.93,84,76,8.12,broken clouds
116,Lusaka,ZM,-15.4067,28.2871,67.68,46,0,3.89,clear sky
117,Hongjiang,CN,27.11,109.9956,75.22,84,0,3.53,clear sky
118,Saint-Philippe,RE,-21.3585,55.7679,71.19,82,45,12.55,scattered clouds
119,Kahului,US,20.8947,-156.47,85.96,66,20,21.85,few clouds
120,Kindersley,CA,51.4668,-109.1682,64.18,23,40,9.22,scattered clouds
121,Newport,GB,51.5877,-2.9984,65.17,92,53,7.11,broken clouds
122,Cidreira,BR,-30.1811,-50.2056,65.77,77,22,9.35,few clouds
123,New Norfolk,AU,-42.7826,147.0587,39.7,77,9,1.01,clear sky
124,Severo-Yeniseyskiy,RU,60.3725,93.0408,24.98,99,97,3.06,overcast clouds
125,Batsfjord,NO,70.6345,29.7185,48.42,81,75,6.91,broken clouds
126,Nsanje,MW,-16.92,35.262,74.16,64,0,5.86,clear sky
127,Roald,NO,62.5833,6.1333,54.1,93,75,29.93,broken clouds
128,Turukhansk,RU,65.8167,87.9833,28.9,87,14,9.75,few clouds
129,Mumford,GH,5.2618,-0.759,77.85,89,47,11.16,light rain
130,Guerrero Negro,MX,27.9769,-114.0611,77.38,60,100,13.42,overcast clouds
131,San Ramon,US,37.7799,-121.978,93.74,37,1,3.0,clear sky
132,Lubao,PH,14.9167,120.55,82.42,85,7,3.02,clear sky
133,Ponta Do Sol,PT,32.6667,-17.1,72.23,72,28,3.58,scattered clouds
134,Grindavik,IS,63.8424,-22.4338,45.07,76,75,8.05,broken clouds
135,Dzhebariki-Khaya,RU,62.2167,135.8,43.95,89,100,4.92,overcast clouds
136,San Quintin,MX,30.4833,-115.95,75.2,63,6,11.14,clear sky
137,Mayo,US,38.8876,-76.5119,76.42,42,1,3.0,clear sky
138,Tatawin,TN,32.9297,10.4518,92.28,56,13,4.14,few clouds
139,Mount Isa,AU,-20.7333,139.5,65.97,15,3,9.22,clear sky
140,Asau,RO,46.4333,26.4,50.76,84,100,6.02,overcast clouds
141,Pisco,PE,-13.7,-76.2167,66.02,82,20,10.36,mist
142,Bredasdorp,ZA,-34.5322,20.0403,52.92,82,34,3.44,scattered clouds
143,Faanui,PF,-16.4833,-151.75,76.32,62,0,1.77,clear sky
144,Esperance,AU,-33.8667,121.9,44.44,85,59,10.71,broken clouds
145,Sisimiut,GL,66.9395,-53.6735,33.84,67,10,8.5,clear sky
146,Stromness,GB,58.965,-3.296,53.85,91,100,11.01,overcast clouds
147,Ostrovnoy,RU,68.0531,39.5131,48.13,87,100,20.02,overcast clouds
148,Isangel,VU,-19.55,169.2667,68.11,83,98,5.75,overcast clouds
149,Totness,SR,5.8833,-56.3167,84.69,74,100,11.12,overcast clouds
150,Hermanus,ZA,-34.4187,19.2345,57.9,86,37,2.66,scattered clouds
151,Touros,BR,-5.1989,-35.4608,83.3,74,41,17.07,scattered clouds
152,Broken Hill,AU,-31.95,141.4333,47.91,66,0,11.5,clear sky
153,Mandalgovi,MN,45.7625,106.2708,55.35,71,100,9.89,overcast clouds
154,Ribeira Grande,PT,38.5167,-28.7,72.0,73,40,14.97,scattered clouds
155,Kampong Thum,KH,12.7111,104.8887,74.1,96,100,4.97,light rain
156,Srandakan,ID,-7.9386,110.2506,75.4,90,75,5.03,broken clouds
157,Bandarbeyla,SO,9.4942,50.8122,80.26,66,100,23.47,light rain
158,Almaznyy,RU,48.0448,40.045,50.14,83,100,8.46,light rain
159,Port Lincoln,AU,-34.7333,135.8667,52.63,71,100,10.04,overcast clouds
160,Hobart,AU,-42.8794,147.3294,40.05,75,12,1.01,few clouds
161,Porto Novo,BJ,6.4965,2.6036,80.42,84,44,5.44,scattered clouds
162,Seoul,KR,37.5683,126.9778,67.44,82,0,5.75,clear sky
163,Sanjwal,PK,33.7608,72.4336,79.95,64,0,4.29,clear sky
164,Dzheguta,RU,43.9671,42.0426,43.05,90,60,3.44,broken clouds
165,Alofi,NU,-19.0595,-169.9187,76.89,78,100,8.05,overcast clouds
166,Karratha,AU,-20.7377,116.8463,70.88,43,7,10.18,light rain
167,Tura,IN,25.5198,90.2201,74.97,91,9,3.31,clear sky
168,Atasu,KZ,48.6814,71.6433,41.31,38,0,8.05,clear sky
169,Kalmunai,LK,7.4167,81.8167,78.8,86,82,6.69,broken clouds
170,Iqaluit,CA,63.7506,-68.5145,33.53,80,20,8.99,few clouds
171,Praya,CV,14.9215,-23.5087,81.14,74,40,13.8,haze
172,Sioux Lookout,CA,50.1001,-91.917,55.78,50,90,12.66,overcast clouds
173,Pangnirtung,CA,66.1451,-65.7125,39.2,56,20,6.91,few clouds
174,Severo-Kurilsk,RU,50.6789,156.125,47.89,92,100,29.53,light rain
175,Rio Grande,BR,-32.035,-52.0986,68.11,82,33,13.94,scattered clouds
176,Itupiranga,BR,-5.1347,-49.3267,89.92,42,98,1.36,overcast clouds
177,Alice Springs,AU,-23.7,133.8833,51.35,32,72,0.0,broken clouds
178,Vardo,NO,70.3705,31.1107,48.4,87,75,11.5,broken clouds
179,Mount Pleasant,US,32.7941,-79.8626,80.06,46,1,4.0,clear sky
180,Oranjestad,AW,12.524,-70.027,89.55,66,20,23.02,few clouds
181,Codrington,AU,-38.2667,141.9667,46.58,69,99,14.5,overcast clouds
182,Nikolskoye,RU,59.7035,30.7861,48.02,88,100,5.75,overcast clouds
183,Cherskiy,RU,68.75,161.3,27.97,97,99,9.33,light snow
184,Tuatapere,NZ,-46.1333,167.6833,50.83,71,57,12.53,moderate rain
185,Cody,US,44.5263,-109.0565,70.92,31,1,3.44,clear sky
186,Chipinge,ZW,-20.1883,32.6236,59.18,53,0,6.06,clear sky
187,Ukiah,US,39.1502,-123.2078,97.12,20,1,0.0,clear sky
188,Cienfuegos,CU,22.1461,-80.4356,90.41,58,40,6.91,light rain
189,Prince Rupert,CA,54.3161,-130.3201,53.69,100,90,10.36,light rain
190,Bay Roberts,CA,47.5999,-53.2648,53.06,76,17,11.01,few clouds
191,Pierre,US,44.3683,-100.351,72.0,29,1,1.01,clear sky
192,Sinnamary,GF,5.3833,-52.95,84.74,72,38,11.01,scattered clouds
193,Zhigansk,RU,66.7697,123.3711,34.86,80,100,15.48,overcast clouds
194,Solnechnyy,RU,50.7214,136.6319,43.65,80,11,3.02,few clouds
195,Jining,CN,35.405,116.5814,65.17,92,100,21.25,heavy intensity rain
196,Onega,RU,63.9061,38.1404,46.98,93,100,11.56,overcast clouds
197,Evensk,RU,61.95,159.2333,39.63,77,29,1.41,scattered clouds
198,Matagami,CA,49.7502,-77.6328,57.31,94,75,11.5,broken clouds
199,Wewak,PG,-3.5534,143.6268,77.81,87,100,6.22,overcast clouds
200,Tshikapa,CD,-6.4167,20.8,73.02,76,95,3.67,overcast clouds
201,Oktyabrskiy,RU,54.4815,53.471,50.58,55,100,11.74,light rain
202,Beloha,MG,-25.1667,45.05,74.32,56,1,8.81,clear sky
203,Jaguey Grande,CU,22.5269,-81.1286,88.45,62,51,1.81,light rain
204,Asyut,EG,27.181,31.1837,82.58,38,0,13.71,clear sky
205,Chimore,BO,-16.9833,-65.1333,99.68,20,0,3.58,clear sky
206,Mosquera,CO,4.7059,-74.2302,64.49,48,20,17.27,few clouds
207,Baganga,PH,7.5739,126.56,78.31,87,100,3.94,moderate rain
208,Taraz,KZ,42.9,71.3667,52.21,32,0,8.95,clear sky
209,Moose Factory,CA,51.2585,-80.6094,55.4,82,90,14.97,overcast clouds
210,Zavitinsk,RU,50.1167,129.45,47.35,80,100,4.94,overcast clouds
211,Palmer,US,42.1584,-72.3287,72.43,70,75,6.91,broken clouds
212,Mazamari,PE,-11.3258,-74.5308,85.95,43,95,2.35,overcast clouds
213,Rawtenstall,GB,53.7008,-2.2844,65.73,95,100,11.3,overcast clouds
214,Caravelas,BR,-17.7125,-39.2481,72.77,67,75,8.05,broken clouds
215,Panguipulli,CL,-39.6333,-72.3333,53.31,40,12,3.98,few clouds
216,Acapulco,MX,16.8634,-99.8901,85.68,74,98,7.18,overcast clouds
217,Hobyo,SO,5.3505,48.5268,78.04,85,100,21.16,overcast clouds
218,Bathsheba,BB,13.2167,-59.5167,90.21,62,40,8.05,scattered clouds
219,Dikson,RU,73.5069,80.5464,35.64,84,77,16.24,broken clouds
220,Byron Bay,AU,-28.65,153.6167,60.75,76,0,4.94,clear sky
221,Georgiyevskaya,RU,44.1114,43.4922,57.04,77,100,2.93,overcast clouds
222,Bereda,ES,43.2686,-7.5406,63.57,100,35,3.69,scattered clouds
223,Lovozero,RU,68.005,35.0117,44.11,96,100,15.28,overcast clouds
224,Yenagoa,NG,4.9247,6.2642,75.61,92,100,2.82,overcast clouds
225,Suntar,RU,62.1444,117.6319,33.62,95,17,1.74,few clouds
226,Gradinari,RO,44.3922,25.8156,61.9,55,95,3.09,overcast clouds
227,Mehnagar,IN,25.8833,83.1167,80.65,82,95,5.08,overcast clouds
228,Nipawin,CA,53.3668,-104.0009,55.44,54,20,17.27,few clouds
229,Flin Flon,CA,54.7682,-101.865,51.64,66,90,17.27,overcast clouds
230,Dinar,TR,38.065,30.1656,53.38,41,0,2.19,clear sky
231,Mersin,TR,36.862,34.6509,65.55,44,1,3.47,clear sky
232,Broome,US,42.2506,-75.833,68.22,60,20,1.99,few clouds
233,Kaitangata,NZ,-46.2817,169.8464,53.87,59,6,13.44,clear sky
234,Wanning,CN,18.8003,110.3967,78.84,88,100,5.21,overcast clouds
235,Mangrol,IN,21.1167,70.1167,79.65,85,30,7.29,scattered clouds
236,Waldoboro,US,44.0954,-69.3756,73.89,88,100,12.77,overcast clouds
237,Gorontalo,ID,0.5412,123.0595,74.52,95,93,1.86,overcast clouds
238,Lasa,IT,46.6166,10.7002,58.08,67,0,1.45,clear sky
239,Ust-Tsilma,RU,65.441,52.1498,40.53,89,88,6.51,overcast clouds
240,Chihuahua,MX,28.5,-106.0,78.24,42,63,5.28,broken clouds
241,Sokolka,PL,53.4072,23.5023,48.65,87,100,11.74,overcast clouds
242,Vredendal,ZA,-31.6683,18.5012,57.67,81,87,5.99,overcast clouds
243,Auki,SB,-8.7676,160.7034,78.04,85,47,4.36,scattered clouds
244,Husavik,IS,66.0449,-17.3389,37.31,74,96,6.71,overcast clouds
245,Lucea,JM,18.451,-78.1736,85.86,73,45,2.06,scattered clouds
246,Baruun-Urt,MN,46.6806,113.2792,49.91,94,25,7.29,scattered clouds
247,Kismayo,SO,-0.3582,42.5454,77.04,82,89,16.53,overcast clouds
248,Sweetwater,US,25.7634,-80.3731,89.02,81,75,6.91,light rain
249,Halifax,CA,44.6453,-63.5724,73.29,83,40,4.0,fog
250,Usogorsk,RU,63.4106,48.6872,47.14,89,100,8.72,overcast clouds
251,Tasiilaq,GL,65.6145,-37.6368,37.56,88,93,4.7,overcast clouds
252,Santa Cruz,BO,-17.8,-63.1667,90.86,27,0,13.8,clear sky
253,Villarrica,PY,-25.75,-56.4333,79.9,31,0,8.68,clear sky
254,Moana,ES,42.2833,-8.75,65.08,85,40,1.14,fog
255,Omsukchan,RU,62.5333,155.8,34.38,79,46,1.97,scattered clouds
256,Moses Lake,US,47.1301,-119.2781,74.88,28,1,0.0,clear sky
257,Puerto Madryn,AR,-42.7692,-65.0385,75.85,26,11,25.37,few clouds
258,Narsaq,GL,60.9167,-46.05,39.42,47,1,6.93,clear sky
259,Ucluelet,CA,48.9329,-125.5528,70.09,80,100,1.01,overcast clouds
260,Longyearbyen,SJ,78.2186,15.6401,44.44,76,75,1.14,broken clouds
261,Manoel Urbano,BR,-8.8389,-69.2597,96.66,32,78,2.86,broken clouds
262,Bilma,NE,18.6853,12.9164,89.22,11,4,6.62,clear sky
263,La Palma,US,33.8464,-118.0467,96.04,65,20,3.0,haze
264,Quatre Cocos,MU,-20.2078,57.7625,71.71,79,6,15.26,clear sky
265,Katsina,NG,12.9894,7.6006,83.71,39,31,3.71,scattered clouds
266,Ballina,AU,-28.8667,153.5667,50.18,100,0,0.0,clear sky
267,Norman Wells,CA,65.282,-126.8329,37.44,87,90,10.36,overcast clouds
268,Itarema,BR,-2.9248,-39.9167,81.64,70,78,17.78,broken clouds
269,Strezhevoy,RU,60.7333,77.5889,35.58,94,87,7.96,overcast clouds
270,Sobolevo,RU,54.4299,31.8996,42.94,97,50,4.14,scattered clouds
271,Horsham,GB,51.064,-0.3272,68.94,85,0,5.75,clear sky
272,Okakarara,NA,-20.5833,17.4333,72.37,17,0,6.93,clear sky
273,Saint George,US,37.1041,-113.5841,93.67,15,1,3.0,clear sky
274,Chumikan,RU,54.7183,135.315,47.75,74,6,15.97,clear sky
275,Calvinia,ZA,-31.4707,19.776,59.9,32,74,2.13,broken clouds
276,Kautokeino,NO,69.0125,23.0412,41.74,97,100,8.97,overcast clouds
277,Mrakovo,RU,52.7161,56.6244,52.57,33,100,15.28,light rain
278,Lazdijai,LT,54.2333,23.5167,49.1,81,100,11.41,overcast clouds
279,Gornopravdinsk,RU,60.05,69.9,39.34,81,99,3.42,overcast clouds
280,Yashkino,RU,55.8736,85.4265,35.37,98,100,10.29,light rain
281,Namatanai,PG,-3.6667,152.4333,78.35,81,72,5.19,broken clouds
282,Sochi,RU,43.6,39.7303,59.09,73,97,9.13,light rain
283,Saint Anthony,US,45.0205,-93.218,58.1,87,1,1.01,clear sky
284,Belmonte,BR,-15.8631,-38.8828,77.0,61,55,8.97,broken clouds
285,Abbeville,FR,50.1,1.8333,62.56,96,47,4.81,scattered clouds
286,Bailieborough,IE,53.9167,-6.9667,63.43,97,100,9.4,overcast clouds
287,Port Hardy,CA,50.6996,-127.4199,53.78,87,20,4.61,few clouds
288,Ushtobe,KZ,45.2514,77.9838,44.33,32,0,16.49,clear sky
289,Mabaruma,GY,8.2,-59.7833,84.45,74,100,7.11,overcast clouds
290,Kruisfontein,ZA,-34.0033,24.7314,53.89,91,48,2.59,scattered clouds
291,Gigmoto,PH,13.7796,124.39,80.8,86,56,7.45,broken clouds
292,Kaseda,JP,31.4167,130.3167,71.19,76,1,7.74,clear sky
293,Valle De Allende,MX,26.9333,-105.4,81.57,35,9,1.34,clear sky
294,Carnarvon,AU,-24.8667,113.6333,66.27,82,40,13.8,scattered clouds
295,Sechura,PE,-5.5569,-80.8222,74.03,62,27,14.34,scattered clouds
296,Bambous Virieux,MU,-20.3428,57.7575,71.85,83,40,12.66,scattered clouds
297,Bomet,KE,-0.7813,35.3416,55.98,95,96,2.75,overcast clouds
298,Coihaique,CL,-45.5752,-72.0662,64.35,45,40,5.84,scattered clouds
299,Meylan,FR,45.2199,5.7901,69.51,80,30,3.42,scattered clouds
300,Vila Velha,BR,-20.3297,-40.2925,75.96,56,20,11.5,few clouds
301,Luwingu,ZM,-10.2621,29.9271,72.52,33,63,8.3,broken clouds
302,Mayaguez,PR,18.2011,-67.1396,90.81,66,23,5.01,few clouds
303,Menongue,AO,-14.6585,17.691,68.97,18,5,5.59,clear sky
304,Georgetown,MY,5.4112,100.3354,81.9,87,20,5.01,few clouds
305,Benavente,ES,42.0025,-5.6783,66.88,58,67,7.78,broken clouds
306,Port Hedland,AU,-20.3167,118.5667,62.65,100,44,0.0,scattered clouds
307,Neuquen,AR,-38.9516,-68.0591,85.89,19,0,17.27,clear sky
308,Tiarei,PF,-17.5333,-149.3333,80.62,60,0,5.88,clear sky
309,Gurjaani,GE,41.7429,45.8011,55.56,92,100,3.04,overcast clouds
310,Nyurba,RU,63.2842,118.3319,32.59,87,17,1.36,few clouds
311,Agadir,MA,30.4202,-9.5982,72.05,70,0,3.06,clear sky
312,Fort-Shevchenko,KZ,44.5086,50.263,61.07,77,94,21.77,overcast clouds
313,Port Alfred,ZA,-33.5906,26.891,59.74,83,67,2.89,broken clouds
314,Coquimbo,CL,-29.9533,-71.3436,56.93,82,90,13.8,overcast clouds
315,Urengoy,RU,65.9667,78.3667,30.99,87,8,9.04,clear sky
316,Puerto Narino,CO,-3.7703,-70.3831,89.55,49,70,4.05,broken clouds
317,Ozernovskiy,RU,51.5,156.5167,48.54,85,100,13.65,moderate rain
318,Leningradskiy,RU,69.3833,178.4167,24.01,87,100,10.25,overcast clouds
319,Lixourion,GR,38.2019,20.4314,69.8,64,0,0.0,clear sky
320,Bara,NG,10.3744,10.7288,76.37,77,39,5.21,scattered clouds
321,Meadow Lake,US,34.8014,-106.5436,83.82,21,38,6.49,scattered clouds
322,Fortuna,US,40.5982,-124.1573,85.42,50,1,1.99,clear sky
323,Cabo San Lucas,MX,22.8909,-109.9124,95.61,69,9,6.31,clear sky
324,Ler,SS,8.3018,30.1418,71.67,96,100,3.24,light rain
325,Kostino,RU,58.9097,53.2691,43.03,93,100,7.9,overcast clouds
326,Banda Aceh,ID,5.5577,95.3222,79.48,82,19,10.49,few clouds
327,Valera,VE,9.3178,-70.6036,82.2,76,90,1.19,overcast clouds
328,Batagay,RU,67.6333,134.6333,37.69,74,100,4.38,overcast clouds
329,Corning,US,42.1428,-77.0547,69.35,51,75,6.91,broken clouds
330,Saldanha,ZA,-33.0117,17.9442,57.25,87,83,5.37,broken clouds
331,Aksarka,RU,66.5606,67.7975,34.61,82,19,2.8,few clouds
332,Chicama,PE,-7.8447,-79.1469,61.34,61,21,10.58,few clouds
333,Lazaro Cardenas,MX,17.9583,-102.2,84.87,75,80,7.76,broken clouds
334,Glace Bay,CA,46.1969,-59.957,71.82,90,40,3.0,scattered clouds
335,Ulladulla,AU,-35.35,150.4667,56.3,78,18,7.38,few clouds
336,Adrar,MR,20.5022,-10.0711,94.14,17,65,7.85,broken clouds
337,Inuvik,CA,68.3499,-133.7218,34.81,80,90,13.8,light snow
338,Arauco,CL,-37.2463,-73.3175,59.02,55,18,5.55,few clouds
339,Sidney,AU,-33.8679,151.2073,60.3,67,0,1.01,clear sky
340,Soubre,CI,5.7856,-6.6083,73.96,96,69,2.95,light rain
341,Puerto Penasco,MX,31.3167,-113.5333,84.9,64,97,5.99,overcast clouds
342,North Platte,US,41.1239,-100.7654,70.0,46,40,12.66,scattered clouds
343,Nemuro,JP,43.3236,145.575,52.84,79,3,13.09,clear sky
344,Fuerte Olimpo,PY,-21.0415,-57.8738,96.33,23,61,5.86,broken clouds
345,Pustoshka,RU,56.3355,29.369,44.35,98,100,1.12,overcast clouds
346,Sindor,RU,62.8629,51.8905,47.73,77,100,8.1,overcast clouds
347,Bonito,BR,-21.1211,-56.4819,96.26,22,63,7.14,broken clouds
348,Lishui,CN,28.4604,119.9103,67.51,97,10,2.64,light rain
349,Abu Dhabi,AE,24.4667,54.3667,91.51,70,0,4.61,clear sky
350,Simbahan,PH,6.3032,120.5836,83.32,77,100,9.48,overcast clouds
351,Ivanava,BY,52.1451,25.5365,50.79,80,100,12.68,overcast clouds
352,Cabedelo,BR,-6.9811,-34.8339,81.27,76,20,15.5,few clouds
353,Souillac,MU,-20.5167,57.5167,71.98,83,40,12.66,scattered clouds
354,Nerja,ES,36.7585,-3.8873,82.58,91,72,1.01,broken clouds
355,Clyde River,CA,70.4692,-68.5914,35.83,75,75,5.75,broken clouds
356,Tudela,ES,42.0617,-1.6045,71.91,72,100,7.85,light rain
357,Ereymentau,KZ,51.6199,73.1033,37.53,55,4,5.59,clear sky
358,Cermik,TR,38.1361,39.4493,61.29,48,8,4.09,clear sky
359,Vanimo,PG,-2.6741,141.3028,77.79,86,100,4.94,overcast clouds
360,Warwick,US,41.7001,-71.4162,78.82,85,75,5.75,broken clouds
361,Mizunami,JP,35.3667,137.25,69.76,82,25,4.09,scattered clouds
362,Jiayuguan,CN,39.8167,98.3,65.07,24,0,11.65,clear sky
363,Brodokalmak,RU,55.5748,62.082,42.48,56,57,7.76,broken clouds
364,Kieta,PG,-6.2167,155.6333,78.21,81,63,3.04,broken clouds
365,Jalu,LY,29.0331,21.5482,75.27,50,0,15.28,clear sky
366,Springbok,ZA,-29.6643,17.8865,60.82,37,59,2.33,broken clouds
367,Flinders,AU,-34.5833,150.8552,58.8,76,0,1.01,clear sky
368,Bintulu,MY,3.1667,113.0333,77.41,88,20,3.0,few clouds
369,Misratah,LY,32.3754,15.0925,77.59,68,3,15.32,clear sky
370,Apac,UG,1.9756,32.5386,64.63,98,97,5.48,moderate rain
371,Plouzane,FR,48.3833,-4.6167,57.29,88,0,5.75,clear sky
372,Lakatoro,VU,-16.0999,167.4164,76.91,82,86,13.02,overcast clouds
373,Baykit,RU,61.67,96.37,30.94,96,100,2.73,overcast clouds
374,Balyaga,RU,51.1507,108.921,41.18,95,99,4.52,overcast clouds
375,Minab,IR,27.1467,57.0801,87.3,74,0,3.8,clear sky
376,Saint-Pierre,RE,-21.3393,55.4781,71.28,77,0,19.57,clear sky
377,Khalkhal,IR,37.6189,48.5258,59.23,41,8,5.93,clear sky
378,Pilar Do Sul,BR,-23.8131,-47.7164,80.35,59,100,11.9,overcast clouds
379,Puerto Colombia,CO,10.9878,-74.9547,87.89,67,100,6.31,overcast clouds
380,Camacha,PT,33.0833,-16.3333,69.22,68,20,5.75,few clouds
381,Lagoa,PT,39.05,-27.9833,70.29,75,100,16.31,overcast clouds
382,Watsa,CD,3.0372,29.5355,63.54,99,100,3.09,overcast clouds
383,Nong Chik,TH,6.8436,101.178,77.36,86,100,4.83,overcast clouds
384,Areosa,PT,41.7178,-8.8571,70.25,82,100,4.94,overcast clouds
385,Maniitsoq,GL,65.4167,-52.9,34.86,57,9,2.71,clear sky
386,Alekseyevka,RU,50.6309,38.6903,48.2,81,100,10.36,overcast clouds
387,Mehamn,NO,71.0357,27.8492,48.38,76,75,10.36,broken clouds
388,Kodarma,IN,24.4667,85.6,76.77,83,7,3.74,clear sky
389,Grand-Santi,GF,4.25,-54.3833,87.35,55,100,2.08,overcast clouds
390,Ilulissat,GL,69.2167,-51.1,26.62,50,75,5.75,broken clouds
391,Minbu,MM,20.1833,94.8833,77.23,91,100,3.8,heavy intensity rain
392,Camacupa,AO,-12.0167,17.4833,71.85,17,92,3.29,overcast clouds
393,Barahona,DO,18.2085,-71.1008,89.42,66,40,20.71,scattered clouds
394,Houma,US,29.5958,-90.7195,80.01,48,1,9.22,clear sky
395,Little Baguio,PH,7.8939,125.2764,65.28,96,100,0.43,moderate rain
396,Tecoanapa,MX,16.5167,-98.75,86.11,67,100,9.01,overcast clouds
397,Xuanhua,CN,40.6103,115.0447,61.9,96,97,4.85,overcast clouds
398,Bowen,AU,-20.0167,148.2333,55.62,91,44,6.96,scattered clouds
399,Barcelos,PT,41.5388,-8.6151,69.85,85,100,2.91,overcast clouds
400,Lewistown,US,40.5992,-77.5714,74.14,38,40,8.05,scattered clouds
401,Quetigny,FR,47.3167,5.1167,61.54,77,0,3.44,clear sky
402,Portland,US,45.5234,-122.6762,87.49,38,0,1.01,clear sky
403,Los Llanos De Aridane,ES,28.6585,-17.9182,71.35,89,75,3.44,volcanic ash
404,Araguari,BR,-18.6472,-48.1872,91.69,19,82,3.27,broken clouds
405,Namtsy,RU,62.7161,129.6658,41.11,96,100,9.98,light rain
406,La Ronge,CA,55.1001,-105.2842,52.02,66,75,10.36,broken clouds
407,Klaksvik,FO,62.2266,-6.589,43.72,68,95,11.41,overcast clouds
408,Nabire,ID,-3.3667,135.4833,75.18,88,100,3.0,overcast clouds
409,Balaipungut,ID,1.05,101.2833,74.53,97,99,1.72,overcast clouds
410,Perry,US,37.2506,-83.1999,71.91,30,0,1.74,clear sky
411,Ewa Beach,US,21.3156,-158.0072,81.7,85,90,5.01,light rain
412,Palana,RU,59.1167,159.9667,38.59,81,0,3.42,clear sky
413,Qaqortoq,GL,60.7167,-46.0333,39.7,49,2,9.98,clear sky
414,Champerico,GT,14.3,-91.9167,85.95,72,100,6.91,overcast clouds
415,Hamilton,US,39.1834,-84.5333,76.08,44,1,3.0,clear sky
416,Ampanihy,MG,-24.7,44.75,74.3,51,13,3.96,few clouds
417,Harper,LR,4.375,-7.7169,78.4,86,58,8.19,broken clouds
418,Semibratovo,RU,57.3046,39.5369,46.26,90,98,8.28,overcast clouds
419,Vilyuysk,RU,63.7553,121.6247,32.34,82,8,5.3,clear sky
420,Catia La Mar,VE,10.6038,-67.0303,88.0,70,40,2.3,scattered clouds
421,Te Anau,NZ,-45.4167,167.7167,48.24,91,98,10.98,light rain
422,Yarmouth,US,41.7057,-70.2286,78.78,90,1,9.22,clear sky
423,Hirtshals,DK,57.5881,9.9592,58.86,86,96,25.86,overcast clouds
424,Paramonga,PE,-10.6667,-77.8333,67.12,74,19,9.44,few clouds
425,Bealanana,MG,-14.55,48.7333,57.6,95,69,3.94,broken clouds
426,Bonthe,SL,7.5264,-12.505,78.78,85,84,5.88,broken clouds
427,Bafoulabe,ML,13.8065,-10.8321,80.82,75,88,2.3,overcast clouds
428,San Cristobal,VE,7.7669,-72.225,84.38,47,54,7.14,broken clouds
429,Tautira,PF,-17.7333,-149.15,80.62,60,1,3.67,clear sky
430,Emerald,AU,-23.5333,148.1667,55.54,88,74,3.44,broken clouds
431,Yar-Sale,RU,66.8333,70.8333,36.54,80,99,5.03,overcast clouds
432,Batetskiy,RU,58.6461,30.3027,43.75,95,100,5.26,overcast clouds
433,Salalah,OM,17.0151,54.0924,82.49,83,40,6.91,scattered clouds
434,Jinchang,CN,38.4953,102.1739,65.17,65,100,2.44,overcast clouds
435,Margate,GB,51.3813,1.3862,67.69,86,4,12.95,clear sky
436,Constitucion,CL,-35.3333,-72.4167,63.23,64,3,8.05,clear sky
437,Katsuura,JP,35.1333,140.3,73.11,77,100,14.76,overcast clouds
438,Bambanglipuro,ID,-7.95,110.2833,75.31,90,75,5.01,broken clouds
439,Cutervo,PE,-6.379,-78.8157,63.43,56,78,7.87,light rain
440,Bom Jardim,BR,-7.7958,-35.5872,80.94,62,83,13.2,broken clouds
441,Kalemie,CD,-5.9475,29.1947,73.99,65,11,8.19,few clouds
442,Mwinilunga,ZM,-11.7358,24.4293,72.54,24,37,4.45,scattered clouds
443,Grajau,BR,-5.8194,-46.1386,94.69,32,41,7.87,scattered clouds
444,Aklavik,CA,68.2191,-135.0107,32.83,88,100,16.31,light snow
445,Kaka,TM,37.3482,59.6143,84.27,11,0,9.33,clear sky
446,Yuci,CN,37.6803,112.7319,64.15,77,90,4.47,overcast clouds
447,Yerbogachen,RU,61.2767,108.0108,39.29,81,100,4.52,overcast clouds
448,Vrangel,RU,42.7297,133.0839,57.2,86,100,3.53,overcast clouds
449,Lumby,CA,50.2498,-118.969,75.56,50,100,1.14,overcast clouds
450,Dangtu,CN,31.5723,118.4928,73.45,78,93,12.53,overcast clouds
451,Sao Felix Do Xingu,BR,-6.6447,-51.995,83.48,51,72,3.6,broken clouds
452,Gonaives,HT,19.45,-72.6833,85.98,61,98,6.2,overcast clouds
453,Gimbi,ET,9.1667,35.8333,55.62,96,95,2.75,light rain
454,Krasnaya Gora,RU,52.9995,31.6023,48.11,97,73,5.37,broken clouds
455,Karatau,KZ,43.1667,70.4667,52.03,28,2,3.56,clear sky
456,Finschhafen,PG,-6.6024,147.8681,76.96,83,47,7.87,scattered clouds
457,Andenes,NO,69.3143,16.1194,44.08,75,75,9.22,broken clouds
458,Ahipara,NZ,-35.1667,173.1667,56.7,75,9,5.48,clear sky
459,Denpasar,ID,-8.65,115.2167,78.46,94,40,9.22,scattered clouds
460,Lukiv,UA,51.0521,25.4006,52.18,87,95,14.7,overcast clouds
461,Bolekhiv,UA,49.0661,23.8643,50.13,73,94,11.59,overcast clouds
462,Bonoua,CI,5.2741,-3.595,78.42,92,67,4.12,light rain
463,Galveston,US,29.3669,-94.9669,85.19,48,1,1.01,clear sky
464,Piacabucu,BR,-10.4056,-36.4344,76.15,80,48,11.92,scattered clouds
465,Aswan,EG,24.0934,32.907,90.7,23,0,12.66,clear sky
466,Port Macquarie,AU,-31.4333,152.9167,51.76,55,2,7.16,clear sky
467,Imbituba,BR,-28.24,-48.6703,70.83,84,100,1.25,overcast clouds
468,Warri,NG,5.5167,5.75,77.38,88,100,3.4,overcast clouds
469,Kalachinsk,RU,55.0529,74.5751,44.69,65,100,10.38,overcast clouds
470,Chapais,CA,49.7834,-74.8492,62.38,68,25,13.62,scattered clouds
471,Sambava,MG,-14.2667,50.1667,70.84,82,19,12.33,light rain
472,Bud,US,39.447,-86.1758,75.15,47,10,9.51,clear sky
473,Elat,IL,29.5581,34.9482,84.04,32,0,16.11,clear sky
474,West Bay,KY,19.3667,-81.4167,89.67,77,40,1.99,scattered clouds
475,Presidencia Roque Saenz Pena,AR,-26.7852,-60.4388,81.99,27,0,5.99,clear sky
476,Praia Da Vitoria,PT,38.7333,-27.0667,73.65,68,20,11.86,few clouds
477,Padang,ID,-0.9492,100.3543,75.96,92,96,3.65,light rain
478,Natal,BR,-5.795,-35.2094,83.05,74,75,17.27,broken clouds
479,Abaza,RU,52.655,90.0928,30.83,94,75,4.47,broken clouds
480,Axim,GH,4.8699,-2.2405,77.34,90,31,5.99,scattered clouds
481,Acajutla,SV,13.5928,-89.8275,97.14,70,92,5.75,overcast clouds
482,Rawson,AR,-43.3002,-65.1023,78.39,23,42,27.6,scattered clouds
483,Cayenne,GF,4.9333,-52.3333,86.04,81,20,5.01,few clouds
484,Viedma,AR,-40.8135,-62.9967,78.31,26,0,19.64,clear sky
485,Isla Vista,US,34.4133,-119.861,92.3,60,90,4.61,mist
486,Roma,US,43.2128,-75.4557,67.39,64,90,3.44,overcast clouds
487,Yaan,NG,7.3833,8.5667,73.36,84,90,3.96,overcast clouds
488,Fort Abbas,PK,29.1925,72.8536,88.23,54,5,4.47,clear sky
489,Vzmorye,RU,54.6961,20.2361,55.49,78,100,17.94,overcast clouds
490,Taltal,CL,-25.4,-70.4833,62.04,66,23,4.5,few clouds
491,Bontang,ID,0.1333,117.5,74.98,90,100,4.85,overcast clouds
492,Pauini,BR,-7.7136,-66.9764,96.94,33,100,2.06,overcast clouds
493,Maceio,BR,-9.6658,-35.7353,80.04,78,75,16.11,broken clouds
494,Talakan,RU,50.3167,130.3667,47.59,87,100,3.15,overcast clouds
495,Agogo,GH,6.8,-1.0819,70.77,95,100,2.77,overcast clouds
496,The Valley,AI,18.217,-63.0578,91.26,70,40,9.22,scattered clouds
497,San Policarpo,PH,12.1791,125.5072,82.11,82,32,9.78,scattered clouds
498,Kiama,AU,-34.6833,150.8667,59.0,79,0,3.0,clear sky
499,Praia,CV,14.9215,-23.5087,81.14,74,40,13.8,haze
500,Olafsvik,IS,64.8945,-23.7142,43.39,67,96,19.37,overcast clouds
501,Port-Cartier,CA,50.0334,-66.8654,53.92,92,99,19.86,overcast clouds
502,Anamur,TR,36.0751,32.8369,66.22,40,4,7.23,clear sky
503,Ihosy,MG,-22.4,46.1167,61.27,89,27,9.84,scattered clouds
504,Phalombe,MW,-15.8064,35.6507,67.1,66,1,5.1,clear sky
505,Nelson Bay,AU,-32.7167,152.15,60.96,77,0,14.05,clear sky
506,Atar,MR,20.5169,-13.0499,97.56,15,33,9.86,scattered clouds
507,Doha,QA,25.2867,51.5333,87.78,51,0,3.44,clear sky
508,Beyneu,KZ,45.3167,55.2,70.21,29,0,23.15,clear sky
509,Leh,IN,34.1667,77.5833,54.5,42,47,4.34,scattered clouds
510,Shenjiamen,CN,29.9576,122.298,74.28,67,1,8.48,clear sky
511,Millinocket,US,45.6573,-68.7098,71.56,85,100,12.73,overcast clouds
512,Bilibino,RU,68.0546,166.4372,22.44,95,100,1.9,overcast clouds
513,Larap,PH,14.299,122.6504,78.66,91,30,5.99,light rain
514,Klisura,BG,42.7,24.45,59.4,45,35,4.7,scattered clouds
515,Kaiyuan,CN,23.6977,103.3037,65.55,94,88,2.21,overcast clouds
516,Alyangula,AU,-13.8483,136.4192,66.07,94,6,0.0,clear sky
517,Hazorasp,UZ,41.3194,61.0742,66.04,17,0,10.16,clear sky
518,Bombay,IN,19.0144,72.8479,82.38,83,40,4.61,haze
519,Candolim,IN,15.5181,73.7626,78.91,85,99,1.01,overcast clouds
520,Novaya Zaimka,RU,56.4857,66.9241,41.9,70,87,6.85,overcast clouds
521,Vyshkov,RU,52.4764,31.6873,48.09,97,100,3.89,overcast clouds
522,Buala,SB,-8.145,159.5921,80.29,81,99,6.4,overcast clouds
523,Lensk,RU,60.7253,114.9278,35.87,92,100,6.35,overcast clouds
524,Cartagena,CO,10.3997,-75.5144,87.42,58,40,2.3,scattered clouds
525,Korampallam,IN,8.7667,78.1,84.56,65,100,11.01,overcast clouds
526,Cap Malheureux,MU,-19.9842,57.6142,72.09,74,0,4.0,clear sky
527,Padre Bernardo,BR,-15.35,-48.5,90.0,25,96,1.59,overcast clouds
528,Vestmanna,FO,62.1564,-7.1664,41.92,81,40,6.91,scattered clouds
529,Labuhan,ID,-6.8844,112.2051,77.81,82,28,6.04,scattered clouds
530,Marawi,PH,7.9986,124.2928,68.65,94,100,1.36,overcast clouds
531,Abha,SA,18.2164,42.5053,71.42,56,0,3.44,clear sky
532,Inhambane,MZ,-23.865,35.3833,66.18,82,0,3.0,clear sky
533,Novomalorossiyskaya,RU,45.6348,39.8948,56.88,70,100,13.56,light rain
534,Guaranesia,BR,-21.2992,-46.8025,88.18,20,95,7.11,overcast clouds
535,Olinda,BR,-8.0089,-34.8553,78.53,69,40,13.8,scattered clouds
536,Luganville,VU,-15.5333,167.1667,77.29,85,92,9.33,overcast clouds
537,Todos Santos,MX,23.45,-110.2167,95.11,78,13,7.02,few clouds
538,Yantal,RU,56.8471,105.2542,38.07,98,100,2.77,overcast clouds
539,Tazovskiy,RU,67.4667,78.7,31.44,87,6,7.94,clear sky
540,Qui Nhon,VN,13.7667,109.2333,77.14,85,100,4.54,moderate rain
541,Sao Joao Da Barra,BR,-21.6403,-41.0511,75.29,65,100,17.96,overcast clouds
542,Mayya,RU,61.7333,130.2811,40.32,92,100,9.33,overcast clouds
543,Aseri,EE,59.4506,26.8675,46.02,91,100,9.69,overcast clouds
544,Santander,ES,43.4647,-3.8044,69.82,87,0,1.01,clear sky
545,Severomuysk,RU,56.1481,113.4267,28.98,89,87,3.36,overcast clouds
546,Nileshwar,IN,12.25,75.1,78.21,87,56,5.37,broken clouds
547,Tkibuli,GE,42.3477,42.9981,49.24,95,37,1.81,scattered clouds
548,Camana,PE,-16.6228,-72.7111,66.15,69,4,7.96,clear sky
549,Zabaykalsk,RU,49.6333,117.3167,46.0,63,21,2.93,few clouds
550,Avera,US,33.194,-82.5271,78.75,35,0,3.89,clear sky
551,Mangaratiba,BR,-22.9597,-44.0406,79.93,77,88,6.71,overcast clouds
552,Yulara,AU,-25.2406,130.9889,62.44,16,100,5.75,overcast clouds
553,Challapata,BO,-18.9,-66.7667,59.65,24,6,6.31,clear sky
554,Manyana,BW,-23.4,21.7167,72.21,24,0,10.16,clear sky
555,Shache,CN,38.4167,77.2406,71.69,17,0,6.04,clear sky
556,Fort Nelson,CA,58.8053,-122.7002,47.79,71,40,3.44,scattered clouds
557,Half Moon Bay,US,37.4636,-122.4286,95.23,62,40,6.91,scattered clouds
558,Cervignano Del Friuli,IT,45.8211,13.3381,65.17,86,0,5.75,clear sky
559,Konstantinovka,RU,49.6167,127.9833,52.07,78,100,1.99,heavy intensity rain
560,Talaya,RU,61.3833,152.75,30.9,82,8,4.38,clear sky
561,Acarau,BR,-2.8856,-40.12,82.08,69,92,19.42,overcast clouds
562,Bonfim,BR,3.0833,-59.95,91.69,46,100,3.58,overcast clouds
563,Salaberry-De-Valleyfield,CA,45.2501,-74.1325,71.87,50,16,12.66,few clouds
564,Cherdyn,RU,60.403,56.4787,45.75,84,100,6.11,overcast clouds
565,Cotonou,BJ,6.3654,2.4183,80.58,89,40,11.5,scattered clouds
566,Fairbanks,US,64.8378,-147.7164,34.3,89,90,1.14,light snow
567,Arman,RU,59.7,150.1667,42.28,74,31,3.11,scattered clouds
568,Igrim,RU,63.1906,64.4162,36.28,77,1,4.59,clear sky
569,Hit,IQ,33.6416,42.8251,81.9,33,0,4.0,clear sky
570,Kigorobya,UG,1.6162,31.3089,65.95,88,51,7.29,broken clouds
571,Shakiso,ET,5.75,38.9167,59.41,93,100,2.1,light rain
572,Burhar,IN,23.2167,81.5333,73.83,90,28,2.68,scattered clouds
573,Andra,RU,62.5147,65.8878,34.05,86,0,4.07,clear sky
574,Gomel,BY,52.4345,30.9754,48.18,93,90,4.47,light intensity shower rain
575,Labrea,BR,-7.2586,-64.7981,94.82,37,100,3.62,overcast clouds
576,Kindu,CD,-2.95,25.95,68.94,96,70,3.0,light rain
577,Bandar-E Lengeh,IR,26.5579,54.8807,88.79,58,5,9.33,clear sky
578,La Crosse,US,43.8014,-91.2396,74.5,63,75,4.0,broken clouds
579,Santa Rosa,PH,14.3122,121.1114,83.91,84,8,3.87,clear sky
580,Challans,FR,46.8436,-1.8749,64.6,66,3,6.46,clear sky
581,Camocim,BR,-2.9022,-40.8411,83.21,67,93,20.0,overcast clouds
582,Monrovia,LR,6.3005,-10.7969,78.57,83,89,7.47,overcast clouds
583,Lingyuan,CN,41.24,119.4011,60.06,99,100,4.29,light rain
584,Svarstad,NO,59.399,9.9698,58.95,55,7,1.01,clear sky
585,Moron,AR,-34.6534,-58.6198,69.03,49,11,5.01,few clouds
586,Luderitz,NA,-26.6481,15.1594,60.19,71,10,14.79,clear sky
587,Cassilandia,BR,-19.1133,-51.7342,98.11,15,58,5.91,broken clouds
588,Ossora,RU,59.2353,163.0719,41.54,74,8,3.44,clear sky
589,Nanortalik,GL,60.1432,-45.2371,36.52,46,0,5.23,clear sky
590,Marsa Matruh,EG,31.3525,27.2453,73.6,49,75,13.8,broken clouds
591,Fukue,JP,32.6881,128.8419,73.8,75,54,8.63,broken clouds
592,Guanica,PR,17.9716,-66.908,90.99,68,31,5.99,scattered clouds
593,Yinchuan,CN,38.4681,106.2731,65.01,57,100,2.3,overcast clouds
594,Spirit River,CA,55.7833,-118.8361,68.52,40,88,22.82,overcast clouds
595,Grootfontein,NA,-19.5667,18.1167,63.97,32,0,0.0,clear sky
596,Batagay-Alyta,RU,67.8006,130.4114,28.38,88,100,4.92,overcast clouds
597,Barabash,RU,43.2,131.4833,42.48,93,99,1.54,overcast clouds
598,Lenine,UA,45.2986,35.7771,56.16,87,100,14.38,overcast clouds
599,Port Blair,IN,11.6667,92.75,80.64,84,98,13.49,overcast clouds
600,Kirakira,SB,-10.4544,161.9205,79.3,85,32,7.67,scattered clouds
601,Bloemfontein,ZA,-29.1211,26.214,65.68,39,82,1.14,broken clouds
602,Barguzin,RU,53.6167,109.6167,42.67,96,97,5.82,overcast clouds
603,Cockburn Town,TC,21.4612,-71.1419,85.96,66,40,0.0,scattered clouds
604,Tamandare,BR,-8.7597,-35.1047,77.59,81,13,11.88,few clouds
605,Pandan,PH,14.0453,124.1694,80.91,85,47,8.3,scattered clouds
606,Bumba,CD,2.1833,22.4667,68.16,95,57,2.04,broken clouds
607,Havre,FR,49.5833,0.3333,56.34,92,19,3.02,few clouds
608,Namikupa,TZ,-10.8333,39.6,66.92,98,26,2.98,scattered clouds
609,Bongandanga,CD,1.5,21.05,68.77,88,88,2.68,overcast clouds
610,Havre-Saint-Pierre,CA,50.2334,-63.5986,55.76,71,90,17.27,overcast clouds
611,Nouadhibou,MR,20.931,-17.0347,71.58,83,0,17.27,clear sky
612,Nara,JP,34.6851,135.8049,69.49,71,7,1.83,clear sky
613,Terrace,CA,54.5163,-128.6035,55.31,94,90,20.71,moderate rain
614,Santiago,CL,-33.4569,-70.6483,89.04,12,0,6.91,clear sky
615,Fukuma,JP,33.7667,130.4667,71.6,84,3,5.53,clear sky
616,Dingle,PH,10.9995,122.6711,76.24,91,10,5.23,clear sky
617,Barsovo,RU,61.1667,73.1667,33.93,85,100,4.76,overcast clouds
618,Borogontsy,RU,62.6683,131.1683,41.11,90,100,7.58,overcast clouds
619,Havoysund,NO,70.9963,24.6622,49.08,79,100,14.76,overcast clouds
620,Palmdale,US,34.5794,-118.1165,92.48,20,1,5.01,haze
621,Sao Raimundo Nonato,BR,-9.0153,-42.6994,91.65,31,75,10.87,broken clouds
622,Nhulunbuy,AU,-12.2333,136.7667,70.41,88,27,3.44,scattered clouds
623,Coahuayana,MX,18.7333,-103.6833,88.66,64,99,6.53,overcast clouds
624,Berlevag,NO,70.8578,29.0864,48.2,71,40,6.91,scattered clouds
625,Vina Del Mar,CL,-33.0246,-71.5518,56.68,82,90,16.11,haze
626,Okha,RU,53.5739,142.9478,43.12,86,4,6.13,clear sky
627,Juba,SS,4.8517,31.5825,72.07,90,100,1.88,overcast clouds
628,Huarmey,PE,-10.0681,-78.1522,68.61,73,28,9.93,scattered clouds
629,Otradnoye,RU,59.7775,30.8181,48.18,88,100,5.75,overcast clouds
630,Liepaja,LV,56.5419,21.0367,55.38,71,90,6.91,moderate rain
631,Mount Gambier,AU,-37.8333,140.7667,37.31,93,40,5.75,scattered clouds
632,Puerto Princesa,PH,9.7392,118.7353,79.39,84,24,1.41,few clouds
633,Puerto Asis,CO,0.5133,-76.5007,82.96,80,100,2.77,overcast clouds
634,Palasa,IN,18.7667,84.4167,78.58,87,88,3.22,overcast clouds
635,Oltina,RO,44.1667,27.6667,61.97,48,91,1.74,overcast clouds
636,Hvolsvollur,IS,63.7533,-20.2243,37.81,84,98,5.77,overcast clouds
637,Kerouane,GN,9.2667,-9.0167,72.46,92,75,2.28,moderate rain
638,Muros,ES,42.7762,-9.0603,66.24,85,66,5.39,broken clouds
639,Cozumel,MX,20.5083,-86.9458,88.0,68,98,1.99,overcast clouds
640,Patea,NZ,-39.7583,174.4833,52.66,76,6,7.7,clear sky
641,Bedesa,ET,8.9,40.7833,62.22,91,98,6.55,light rain
642,Weihe,CN,32.9952,105.3247,65.05,99,100,2.06,overcast clouds
643,Pochutla,MX,15.7432,-96.4661,90.82,63,100,7.63,overcast clouds
644,Snasa,NO,64.2457,12.3778,47.61,95,100,3.94,light rain
645,Ola,RU,59.5833,151.2833,43.07,71,13,3.33,few clouds
646,Borzya,RU,50.3833,116.5167,45.64,64,98,4.27,overcast clouds
647,Shelkovskaya,RU,43.5069,46.3392,57.07,82,79,5.14,broken clouds
648,Ferkessedougou,CI,9.6,-5.2,78.64,71,26,4.27,scattered clouds
649,Angoram,PG,-4.0625,144.0661,72.61,99,88,2.28,overcast clouds
650,Tabou,CI,4.423,-7.3528,77.74,89,33,7.54,light rain
651,Weligama,LK,5.9667,80.4167,78.49,87,99,13.87,overcast clouds
652,Pachino,IT,36.7186,15.0907,75.6,84,1,4.41,clear sky
653,San Francisco,US,37.7749,-122.4194,95.29,71,20,3.0,few clouds
654,Egvekinot,RU,66.3167,-179.1667,21.34,80,96,14.16,overcast clouds
655,Henties Bay,NA,-22.116,14.2845,56.86,86,0,4.5,clear sky
656,Progreso,MX,21.2833,-89.6667,93.11,67,59,10.87,broken clouds
657,Monroe,US,43.1501,-77.6831,68.59,59,75,16.11,broken clouds
658,Diffa,NE,13.3154,12.6113,87.82,19,42,4.34,scattered clouds
659,Herat,AF,34.5,62.0,71.62,11,0,8.05,clear sky
660,Taoudenni,ML,22.6783,-3.9836,102.27,10,13,5.97,few clouds
661,Pindiga,NG,9.9833,10.9333,74.19,76,19,2.44,few clouds
662,Riyadh,SA,24.6877,46.7219,89.74,12,12,9.57,few clouds
663,Okhotsk,RU,59.3833,143.3,46.06,72,0,3.22,clear sky
664,Pimentel,PE,-6.8367,-79.9342,71.89,60,0,17.27,clear sky
665,Karakol,KG,42.4907,78.3936,49.01,30,0,4.94,clear sky
666,Jacobina,BR,-11.1806,-40.5183,80.22,51,33,9.44,scattered clouds
667,Nhamunda,BR,-2.1861,-56.7131,96.91,32,100,5.32,overcast clouds
668,Havelock,US,34.8791,-76.9013,78.78,68,47,3.0,scattered clouds
669,Lorengau,PG,-2.0226,147.2712,81.41,76,17,7.72,few clouds
670,Lodja,CD,-3.4833,23.4333,70.03,87,100,0.67,overcast clouds
671,Komsomolskiy,UZ,40.4272,71.7189,63.32,48,0,4.61,clear sky
672,Namwala,ZM,-15.7504,26.4384,76.12,29,0,8.23,clear sky
673,Igunga,TZ,-4.2833,33.8833,73.51,46,6,9.51,clear sky
674,Tiznit,MA,29.5833,-9.5,65.26,68,0,4.18,clear sky
675,Xinqing,CN,48.2333,129.5,44.49,80,100,1.74,overcast clouds
676,Saint Simons,US,31.1352,-81.3901,81.3,53,1,12.66,clear sky
677,Nashville,US,36.1659,-86.7844,76.51,39,1,1.01,clear sky
678,Les Cayes,HT,18.2,-73.75,87.22,61,78,9.4,broken clouds
679,Richards Bay,ZA,-28.783,32.0377,65.95,89,93,4.38,overcast clouds
680,Zeya,RU,53.75,127.2667,53.17,99,100,3.06,overcast clouds
681,Usinsk,RU,65.9939,57.5281,38.23,86,41,7.43,scattered clouds
682,Gillette,US,44.2911,-105.5022,67.69,29,1,11.01,clear sky
683,Matara,LK,5.9485,80.5353,78.51,87,99,13.49,overcast clouds
684,Shu,KZ,43.5983,73.7614,53.37,26,1,6.69,clear sky
685,Arawa,PG,-6.2132,155.5367,76.21,86,62,2.55,broken clouds
686,Srednekolymsk,RU,67.45,153.6833,29.86,90,18,5.44,few clouds
687,Kiunga,PG,-6.1219,141.2906,72.95,100,100,1.34,overcast clouds
688,Kapit,MY,2.0167,112.9333,72.36,99,72,0.74,broken clouds
689,Saint-Augustin,CA,51.226,-58.6502,52.16,58,92,5.95,overcast clouds
690,Moussoro,TD,13.6408,16.4901,93.02,15,9,9.1,clear sky
691,Graham,US,47.0529,-122.2943,71.76,59,1,0.0,clear sky
692,Karpogory,RU,64.0019,44.4451,47.1,90,100,9.28,overcast clouds
693,Takoradi,GH,4.8845,-1.7554,77.05,90,37,7.02,light rain
694,Qasigiannguit,GL,68.8193,-51.1922,26.85,83,56,1.88,broken clouds
695,Igarka,RU,67.4667,86.5833,31.57,80,12,8.32,few clouds
696,San Lawrenz,MT,36.0553,14.204,78.85,78,1,8.16,clear sky
697,La Libertad,EC,-2.2333,-80.9,76.66,73,20,9.22,few clouds
698,Sangar,RU,63.9242,127.4739,39.88,96,100,7.31,light rain
699,Bairiki,KI,1.3292,172.9752,80.6,83,40,9.22,light rain
700,Pafos,CY,34.7667,32.4167,71.51,49,3,3.44,clear sky
701,Drumheller,CA,51.4617,-112.7101,70.93,28,32,8.05,scattered clouds
